user_id,metadata_user_id,attribute_name,attribute_value
69da08795017001b30a01595,af84be59871d7dff206baf1001ab3fd33171b2fd,client_id.value,6c0060055b305a80130e300e
9093076575a58d1b9100100a,63f7110bda253bef1afafdd7fd4238b7f010b918,health.biking.total.week.value,0
099b0687005053019a15a7d1,0a182f0fa5db1d3b9bbf1f7afdf731e2381d7406,health.social.score.week.value,4
d010a31599100598765b07a0,fdfd00ba27fa376db181dbbfe5a3f3082117f194,health.work_social.score.week.value,0.769025108
10759051910063ab09ad0857,405f7d27ba3ab3ddf0b1f01de86fb739a2f118f1,semantic.time.late_morning.start.value,10.2
70107a561900509953a08bd1,2784b37d0f633f12eb115b91ddf0807fa1fdaabf,stationary.big_city.perc.value,0
57906950170d00b5190183aa,82b573ff0fba3b1a8fe1217dd4a0679fb03d11fd,stationary.culture.homogeneity.value,
97a801390a795155d060010b,fbb837bf21d8aaffd7013901f14a7e512f3dd6b0,stationary.education.homogeneity.value,0
0a59a6050819bd0591170703,504d1a021a621f37bdf8b1f01af38dfd3f9b7e7b,stationary.health.count.month.value,0
0307090815909da576ab1015,79b4861ffa2bd13d7f33d1fb7b5d0fa1aef08201,stationary.holiday.country.homogeneity.value,0.989989996
07b60a1a0509d79180910355,f31ef717ab9df116d0215a80273bfb48fd3fbad0,stationary.home.city_type.mostcommon.value,CITY
9d77910058a0105a5931600b,adb2271d851bfbb3f773fd0046831f1dfa9ae1f0,stationary.home.time.week.value,312427.5735
99090857a5300d1a1b560170,6f091f2051bdd11a07a3de7f3b324fbf8afb78d1,stationary.perc.total.value,2017919.394
80a597505001a10179bd6309,3d0bbaead29b17fd280f7f8a6701b5f3ff411d31,stationary.restaurant.barbecue.count.month.value,0
b5017309a0d657009a191805,1a5d61db17fffb3e123732d040f9d88abffa70b1,stationary.restaurant.greek.count.week.value,0
58d505b079a1370060a09911,3876a50b0bb7fd1f9fa2d4fe31db7af1f112d308,stationary.restaurant.mexican.count.month.value,0
501d380611950b5a9700709a,a771bed950bf6fff72310d31a1f13bbd0a824df8,stationary.shop.animals.count.week.value,0
9100d1ba7593a60580050917,8df0db1e1aa301ab12f5b7dff1bf70df29367384,stationary.shop.duration.value,1983.308058
da0997b0050110761980a355,a1adf063138ffddd82ef09b1a1f477321bbf50b7,stationary.shop.health.time.day.value,0
