user_id,metadata_user_id,segment_id
03c350056a0bd00009da0b84,5145e009899baa5e7bc4d9b09a4eef1a2f7c7fbf,behavior.homeworker
d0c0608009304a03a50bd50b,957bc0fea72bd04beaafc1e09f1f98579a4be945,mobility.easy_commuter
37e705c000e300d08160980b,1ebb17615604baa44e03e2f7b45ec671f983c4c8,lifestyle.social_activity.limited
c701e6933e87b5d000800000,ee536c4fa88590167bcebe1f24764c0a441b37b1,mobility.easy_commuter
b083e07ec09d801000067530,a38bb1ec1e47676c41484fc127640ea95f0b3b5e,mobility.mobility.limited
09801c54b0533f02130b084c,815be41efca54c14ecb6102abea2ae4c4625664f,lifestyle.culture_buff
c00400c0b94583381bf35012,6ce421e11154a62e4ef6455bb02a4acbc6cefa48,behavior.town_home
0f154831500c3c03bb490820,68ca246c11fb014bc55144eae62aa4eb4ce2ef65,lifestyle.brand_loyalty.restaurant_bar
b084200f05c915bc03338401,0abce24a6b24651ae8fe1ca14ec145c65642bfe4,lifestyle.social_activity.limited
d08590500035349c5cab0010,5d2a2c85a09e19180cdeec49f7118b039ca5c798,lifestyle.physical_activity.limited
287c00878005562006079e33,5569c14fff6b55dc7c210fbb4c7df36977732e13,lifestyle.physical_activity.limited
8c0e08756270296085730003,77e65fb617b6c1d2df35257c7cfbf0193f4359c4,lifestyle.fulltime_worker
3440c509c800900a20597e4c,fd7fe261d24d6f534e8ba6b5aab333b8b2547f9a,mobility.mobility.moderate
c0e7c44592c8930a45009000,26bf447bed39b2f35b2aaad35e761bdaf85f8634,lifestyle.social_activity.limited
c03530099d8c080ba035b4b0,13e2daab30568b657cfa11c020dbdc9e94701c89,lifestyle.brand_loyalty.supermarket
05380b03a09c95b080cdb403,bc51612f9dacda0986be0b313a720d7e9cc04815,mobility.mobility.limited
0dc8b93a030bc0b300558904,9a51e9d8a97bfb6a3311c5000b8242d0c7edcc61,lifestyle.social_activity.limited
3c3d9b09b3000b450c0a0858,cc4d2a7c93d5eb718aaf50ceb9db011291063068,mobility.mobility.moderate
08c04044873f5791b005fb00,71eba21546ea298e89c917f0afdabdaa19b5a358,behavior.city_home
