user_id,metadata_user_id,start,end,location.significance,latitude,longitude,address.country,address.city,address.city_type,address.streetname,location.place.name,location.place.type
20a40350c89070e6380f7007,1af00c4e97666695033f3f34600e22a55d8c5937,2017-05-05T20:15:00+01:00,2017-05-05T22:07:39+01:00,nonregular,53.03586868,-0.914070668,UK,London,city,Christchurch Avenue,,"[""residential""]"
3f62000c0e308045a8077907,96f124f3a536630d90243f0357e6e0556c09a78c,2017-05-06T18:26:54+01:00,2017-05-06T18:34:53+01:00,nonregular,52.16361927,-1.015542921,UK,London,city,New Wanstead A113,,"[""shop""]"
6f05043773e00088c900027a,fd0f656863963aac5603ce53279e497420f35100,2017-05-07T16:36:41+01:00,2017-05-08T18:04:28.221000+01:00,nonregular,52.29113157,-0.397420378,UK,London,city,Clare Road,,"[""residential""]"
062438c0a930e7075008700f,6f401700a95e236de752a6cfc036384353905f96,2017-05-09T19:35:00+03:00,2017-05-10T00:26:38.942000+03:00,nonregular,47.275829,21.09659732,UK,London,city,Cardington Street,cacuci floare,"[""office"", ""private"", ""commercial""]"
30c7348f002687000e57a900,343002508395d620aeef59a067f3731694c6f5c6,2017-05-11T10:07:12.178000+03:00,2017-05-11T11:52:09.034000+03:00,nonregular,47.23047097,21.69505367,UK,London,city,Strada Mihail Kogălniceanu,,
5800f28ac09e037073074006,53e89f630fcf6797931324c505a065640a026d3e,2017-05-13T22:08:00+03:00,2017-05-14T00:25:45.148000+03:00,nonregular,47.87795377,21.18040048,UK,London,city,Saint Mary Axe,mamma mia don felipe,"[""restaurant"", ""italian"", ""pizza""]"
387040350aef0067290c8070,f3053e8390aa942030503fc65f17e26947d6c656,2017-05-15T21:07:39+03:00,2017-05-15T23:33:15.352000+03:00,nonregular,47.76660782,21.82892071,UK,London,city,Holland Park Road,parcul magnoliei,"[""leisure"", ""park""]"
002060f4098330e5008c7a77,f06f669e9a0636a3329e431d7f80cc2550057435,2017-05-17T13:55:30.828000+03:00,2017-05-17T22:10:24.550000+03:00,home,47.21160211,21.49625726,UK,London,city,Tottenham Green East,,
70570e03f60ac70808023490,96a6463c51e060935d07af05332427560839fcef,2017-05-19T19:14:10.186000+01:00,2017-05-19T19:21:40+01:00,regular,51.99283786,-0.920696421,UK,London,city,Litchfield Gardens,,
af08e00357707200046309c8,069534ff57aec0a170e629f9648d3230535360c6,2017-05-20T16:19:00+01:00,2017-05-21T10:57:37+01:00,home,52.18281444,-0.565972219,UK,London,city,Strode Road,,"[""residential""]"
c3e3027f84790860a0000750,3f656900f3482f133703d95906c57aea52c6406e,2017-05-23T11:49:25+01:00,2017-05-23T11:56:10+01:00,poi,52.52035554,-0.494944074,UK,London,city,Shaftesbury Avenue A401,,"[""leisure"", ""park""]"
c32ef040a077005397600880,44d55893975f700393060e06c51fea326cf36a62,2017-05-24T16:26:29+01:00,2017-05-24T16:32:52+01:00,nonregular,52.49977827,-0.496990759,UK,London,city,Strode Road,,"[""travel"", ""parking""]"
38702076039cae0705804f00,3540c09364697e06f055dff32e617056283a9ca3,2017-05-25T14:21:34.858000+01:00,2017-05-25T14:45:17.651000+01:00,nonregular,52.45092871,-1.221026498,UK,London,city,Strada Transilvaniei,sainsburys,"[""shop"", ""food"", ""grocery"", ""supermarket""]"
e0770008a07f90c036435028,93f56a172035f4dc560243586ce3600799e60af3,2017-05-26T17:41:06+01:00,2017-05-26T17:59:03+01:00,home,51.58993417,-0.331264742,UK,London,city,Wood End Road,gordon road,"[""travel"", ""publictransport"", ""bus"", ""busstop""]"
367030e50070208f0c9a4078,f0a04490025679955f3fc3587ea6d2163306c63e,2017-05-28T00:36:36+01:00,2017-05-28T01:01:30+01:00,nonregular,52.50502502,-0.199554403,UK,London,city,Strada Măcinului,,
5472ac000038f09038e77006,223653a009e4fd45f6570fce01c36a3969683750,2017-05-29T14:46:41+01:00,2017-05-29T14:58:25+01:00,nonregular,51.64233146,-0.836433166,UK,London,city,Strada Moților,,"[""health"", ""hospital""]"
ae797807c02850043f000630,69fe7462f3d3aa650c095c60298f3433e1005657,2017-05-31T21:33:33+01:00,2017-05-31T21:39:28+01:00,nonregular,51.61588642,-0.462421036,UK,London,city,Park Avenue,,"[""restaurant""]"
7820f84600e009c7305370a0,c5f4f72e5663fa630d835c79691300390a5e2640,2017-06-01T20:57:42+01:00,2017-06-02T14:15:07.722000+01:00,home,52.28605654,-1.151583094,UK,London,city,Montreal Place,,"[""residential""]"
fe7003705039a4887620c000,2697539c015c5642e33406ff3360a0e756da9f80,2017-06-03T19:38:06+01:00,2017-06-03T20:06:38+01:00,nonregular,51.80505065,-1.154245758,UK,London,city,Strada Transilvaniei,,
